Central,Recurso,Punto_de_ medición,X_coord,Y_coord,Frecuencia ,Norma_tabla,Parámetro,Fecha,Medición,Observación
Mazar,Agua potable,Planta_de_agua_potable,770601,9715951,Semestral,NTE INEN_1108,Color real,19/03/2018 9:10,25,
Mazar,Agua potable,Planta_de_agua_potable,770601,9715951,Semestral,NTE INEN_1108,Turbiedad,19/03/2018 9:10,0.53,
Mazar,Agua potable,Planta_de_agua_potable,770601,9715951,Semestral,NTE INEN_1108,DBO5,19/03/2018 9:10,1.71,
Mazar,Agua potable,Planta_de_agua_potable,770601,9715951,Semestral,NTE INEN_1108,DQO,19/03/2018 9:10,3.8,
Mazar,Agua potable,Planta_de_agua_potable,770601,9715951,Semestral,NTE INEN_1108,Coliformes fecales,19/03/2018 9:10,1,
Mazar,Agua potable,Cocina,770500,9716243,Semestral,NTE INEN_1108,Color real,19/03/2018 12:15,35,
Mazar,Agua potable,Cocina,770500,9716243,Semestral,NTE INEN_1108,Turbiedad,19/03/2018 12:15,0.38,
Mazar,Agua potable,Cocina,770500,9716243,Semestral,NTE INEN_1108,DBO5,19/03/2018 12:15,1.26,
Mazar,Agua potable,Cocina,770500,9716243,Semestral,NTE INEN_1108,DQO,19/03/2018 12:15,3.77,
Mazar,Agua potable,Cocina,770500,9716243,Semestral,NTE INEN_1108,Coliformes fecales,19/03/2018 12:15,1,
Mazar,Agua potable,Villa,770510,9716056,Semestral,NTE INEN_1108,Color real,19/03/2018 12:00,34,
Mazar,Agua potable,Villa,770510,9716056,Semestral,NTE INEN_1108,Turbiedad,19/03/2018 12:00,0.35,
Mazar,Agua potable,Villa,770510,9716056,Semestral,NTE INEN_1108,DBO5,19/03/2018 12:00,1.68,
Mazar,Agua potable,Villa,770510,9716056,Semestral,NTE INEN_1108,DQO,19/03/2018 12:00,3.69,
Mazar,Agua potable,Villa,770510,9716056,Semestral,NTE INEN_1108,Coliformes fecales,19/03/2018 12:00,1,
Mazar,Agua potable,Casa_de_máquinas,764904,9723286,Semestral,NTE INEN_1108,Color real,19/03/2018 11:05,36,
Mazar,Agua potable,Casa_de_máquinas,764904,9723286,Semestral,NTE INEN_1108,Turbiedad,19/03/2018 11:05,0.71,
Mazar,Agua potable,Casa_de_máquinas,764904,9723286,Semestral,NTE INEN_1108,DBO5,19/03/2018 11:05,1.26,
Mazar,Agua potable,Casa_de_máquinas,764904,9723286,Semestral,NTE INEN_1108,DQO,19/03/2018 11:05,2.82,
Mazar,Agua potable,Casa_de_máquinas,764904,9723286,Semestral,NTE INEN_1108,Coliformes fecales,19/03/2018 11:05,1,
Mazar,Agua potable,Planta_de_agua_potable,770601,9715951,Anual,NTE INEN_1108,Color real,27/12/2018 0:00,1,
Mazar,Agua potable,Planta_de_agua_potable,770601,9715951,Anual,NTE INEN_1108,Turbiedad,27/12/2018 0:00,0.25,
Mazar,Agua potable,Planta_de_agua_potable,770601,9715951,Anual,NTE INEN_1108,DBO5,27/12/2018 0:00,2,
Mazar,Agua potable,Planta_de_agua_potable,770601,9715951,Anual,NTE INEN_1108,DQO,27/12/2018 0:00,4,
Mazar,Agua potable,Planta_de_agua_potable,770601,9715951,Anual,NTE INEN_1108,Coliformes fecales,27/12/2018 0:00,1,
Mazar,Agua potable,Planta_de_agua_potable,770601,9715951,Anual,NTE INEN_1108,Hierro,27/12/2018 0:00,0.25,
Mazar,Agua potable,Villa,770510,9716056,Anual,NTE INEN_1108,Color real,27/12/2018 0:00,1,
Mazar,Agua potable,Villa,770510,9716056,Anual,NTE INEN_1108,Turbiedad,27/12/2018 0:00,0.4,
Mazar,Agua potable,Villa,770510,9716056,Anual,NTE INEN_1108,DBO5,27/12/2018 0:00,2,
Mazar,Agua potable,Villa,770510,9716056,Anual,NTE INEN_1108,DQO,27/12/2018 0:00,4,
Mazar,Agua potable,Villa,770510,9716056,Anual,NTE INEN_1108,Coliformes fecales,27/12/2018 0:00,1,
Mazar,Agua potable,Villa,770510,9716056,Anual,NTE INEN_1108,Hierro,27/12/2018 0:00,0.25,
Mazar,Agua potable,Comedor,770500,9716237,Anual,NTE INEN_1108,Color real,27/12/2018 0:00,1,
Mazar,Agua potable,Comedor,770500,9716237,Anual,NTE INEN_1108,Turbiedad,27/12/2018 0:00,0.45,
Mazar,Agua potable,Comedor,770500,9716237,Anual,NTE INEN_1108,DBO5,27/12/2018 0:00,2,
Mazar,Agua potable,Comedor,770500,9716237,Anual,NTE INEN_1108,DQO,27/12/2018 0:00,4,
Mazar,Agua potable,Comedor,770500,9716237,Anual,NTE INEN_1108,Coliformes fecales,27/12/2018 0:00,1,
Mazar,Agua potable,Comedor,770500,9716237,Anual,NTE INEN_1108,Hierro,27/12/2018 0:00,0.25,
Mazar,Agua potable,Baño_casa_de_máquinas,764904,9723286,Anual,NTE INEN_1108,Color real,27/12/2018 0:00,1,
Mazar,Agua potable,Baño_casa_de_máquinas,764904,9723286,Anual,NTE INEN_1108,Turbiedad,27/12/2018 0:00,0.41,
Mazar,Agua potable,Baño_casa_de_máquinas,764904,9723286,Anual,NTE INEN_1108,DBO5,27/12/2018 0:00,2,
Mazar,Agua potable,Baño_casa_de_máquinas,764904,9723286,Anual,NTE INEN_1108,DQO,27/12/2018 0:00,4,
Mazar,Agua potable,Baño_casa_de_máquinas,764904,9723286,Anual,NTE INEN_1108,Coliformes fecales,27/12/2018 0:00,1,
Mazar,Agua potable,Baño_casa_de_máquinas,764904,9723286,Anual,NTE INEN_1108,Hierro,27/12/2018 0:00,0.25,
Mazar,Agua potable,Planta_de_agua_potable,770601,9715951,Anual,NTE INEN_1108,Coliformes fecales,18/09/2019 16:40,1,
Mazar,Agua potable,Planta_de_agua_potable,770601,9715951,Anual,NTE INEN_1108,Color real,18/09/2019 16:40,1,
Mazar,Agua potable,Planta_de_agua_potable,770601,9715951,Anual,NTE INEN_1108,DBO5,18/09/2019 16:40,2,
Mazar,Agua potable,Planta_de_agua_potable,770601,9715951,Anual,NTE INEN_1108,DQO,18/09/2019 16:40,4,
Mazar,Agua potable,Planta_de_agua_potable,770601,9715951,Anual,NTE INEN_1108,Hierro,18/09/2019 16:40,0.25,
Mazar,Agua potable,Planta_de_agua_potable,770601,9715951,Anual,NTE INEN_1108,Turbiedad,18/09/2019 16:40,0.21,
Mazar,Agua potable,Cocina,770500,9716243,Anual,NTE INEN_1108,Coliformes fecales,18/09/2019 16:40,1,
Mazar,Agua potable,Cocina,770500,9716243,Anual,NTE INEN_1108,Color real,18/09/2019 16:40,1,
Mazar,Agua potable,Cocina,770500,9716243,Anual,NTE INEN_1108,DBO5,18/09/2019 16:40,2,
Mazar,Agua potable,Cocina,770500,9716243,Anual,NTE INEN_1108,DQO,18/09/2019 16:40,4,
Mazar,Agua potable,Cocina,770500,9716243,Anual,NTE INEN_1108,Hierro,18/09/2019 16:40,0.25,
Mazar,Agua potable,Cocina,770500,9716243,Anual,NTE INEN_1108,Turbiedad,18/09/2019 16:40,0.52,
Mazar,Agua potable,Villa,770510,9716056,Anual,NTE INEN_1108,Coliformes fecales,18/09/2019 16:40,1,
Mazar,Agua potable,Villa,770510,9716056,Anual,NTE INEN_1108,Color real,18/09/2019 16:40,1,
Mazar,Agua potable,Villa,770510,9716056,Anual,NTE INEN_1108,DBO5,18/09/2019 16:40,2,
Mazar,Agua potable,Villa,770510,9716056,Anual,NTE INEN_1108,DQO,18/09/2019 16:40,4,
Mazar,Agua potable,Villa,770510,9716056,Anual,NTE INEN_1108,Hierro,18/09/2019 16:40,0.25,
Mazar,Agua potable,Villa,770510,9716056,Anual,NTE INEN_1108,Turbiedad,18/09/2019 16:40,0.1,
Mazar,Agua potable,Casa_de_máquinas,765111,9713226,Anual,NTE INEN_1108,Coliformes fecales,18/09/2019 16:40,1,
Mazar,Agua potable,Casa_de_máquinas,765111,9713226,Anual,NTE INEN_1108,Color real,18/09/2019 16:40,5,
Mazar,Agua potable,Casa_de_máquinas,765111,9713226,Anual,NTE INEN_1108,DBO5,18/09/2019 16:40,2,
Mazar,Agua potable,Casa_de_máquinas,765111,9713226,Anual,NTE INEN_1108,DQO,18/09/2019 16:40,4,
Mazar,Agua potable,Casa_de_máquinas,765111,9713226,Anual,NTE INEN_1108,Hierro,18/09/2019 16:40,0.25,
Mazar,Agua potable,Casa_de_máquinas,765111,9713226,Anual,NTE INEN_1108,Turbiedad,18/09/2019 16:40,0.39,
Mazar,Agua potable,Casa_de_máquinas_baño varones ,765498,9713304,Semestral,NTE INEN_1108,Coliformes fecales,28/08/2020 11:12,1.1,
Mazar,Agua potable,Casa_de_máquinas_baño varones ,765498,9713304,Semestral,NTE INEN_1108,DBO5,28/08/2020 11:12,0,
Mazar,Agua potable,Casa_de_máquinas_baño varones ,765498,9713304,Semestral,NTE INEN_1108,DQO,28/08/2020 11:12,0,
Mazar,Agua potable,Casa_de_máquinas_baño varones ,765498,9713304,Semestral,NTE INEN_1108,Color real,28/08/2020 11:12,6,
Mazar,Agua potable,Casa_de_máquinas_baño varones ,765498,9713304,Semestral,NTE INEN_1108,Turbiedad,28/08/2020 11:12,0.93,
Mazar,Agua potable,Casa_de_máquinas_cafetería ,770448,9716202,Semestral,NTE INEN_1108,Coliformes fecales,28/08/2020 11:23,1.1,
Mazar,Agua potable,Casa_de_máquinas_cafetería ,770448,9716202,Semestral,NTE INEN_1108,DBO5,28/08/2020 11:23,0,
Mazar,Agua potable,Casa_de_máquinas_cafetería ,770448,9716202,Semestral,NTE INEN_1108,DQO,28/08/2020 11:23,0,
Mazar,Agua potable,Casa_de_máquinas_cafetería ,770448,9716202,Semestral,NTE INEN_1108,Color real,28/08/2020 11:23,8,
Mazar,Agua potable,Casa_de_máquinas_cafetería ,770448,9716202,Semestral,NTE INEN_1108,Hierro,28/08/2020 11:23,0,
Mazar,Agua potable,Casa_de_máquinas_cafetería ,770448,9716202,Semestral,NTE INEN_1108,Turbiedad,28/08/2020 11:23,0.77,
Mazar,Agua potable,Planta_de_tratamiento_arenales ,770542,9716201,Semestral,NTE INEN_1108,Coliformes fecales,28/08/2020 13:45,1.1,
Mazar,Agua potable,Planta_de_tratamiento_arenales ,770542,9716201,Semestral,NTE INEN_1108,DBO5,28/08/2020 13:45,0,
Mazar,Agua potable,Planta_de_tratamiento_arenales ,770542,9716201,Semestral,NTE INEN_1108,DQO,28/08/2020 13:45,0,
Mazar,Agua potable,Planta_de_tratamiento_arenales ,770542,9716201,Semestral,NTE INEN_1108,Color real,28/08/2020 13:45,0,
Mazar,Agua potable,Planta_de_tratamiento_arenales ,770542,9716201,Semestral,NTE INEN_1108,Hierro,28/08/2020 13:45,0,
Mazar,Agua potable,Planta_de_tratamiento_arenales ,770542,9716201,Semestral,NTE INEN_1108,Turbiedad,28/08/2020 13:45,0.7,
Mazar,Agua potable,Villa_21,770528,9716193,Semestral,NTE INEN_1108,Coliformes fecales,28/08/2020 14:04,1.1,
Mazar,Agua potable,Villa_21,770528,9716193,Semestral,NTE INEN_1108,DBO5,28/08/2020 14:04,0,
Mazar,Agua potable,Villa_21,770528,9716193,Semestral,NTE INEN_1108,DQO,28/08/2020 14:04,4,
Mazar,Agua potable,Villa_21,770528,9716193,Semestral,NTE INEN_1108,Color real,28/08/2020 14:04,0,
Mazar,Agua potable,Villa_21,770528,9716193,Semestral,NTE INEN_1108,Hierro,28/08/2020 14:04,0,
Mazar,Agua potable,Villa_21,770528,9716193,Semestral,NTE INEN_1108,Turbiedad,28/08/2020 14:04,0.7,
Mazar,Agua potable,Cocina,770500,9716243,Semestral,NTE INEN_1108,Coliformes fecales,29/08/2020 10:00,1.1,
Mazar,Agua potable,Cocina,770500,9716243,Semestral,NTE INEN_1108,Color real,29/08/2020 10:00,6,
Mazar,Agua potable,Cocina,770500,9716243,Semestral,NTE INEN_1108,DBO5,29/08/2020 10:00,0,
Mazar,Agua potable,Cocina,770500,9716243,Semestral,NTE INEN_1108,DQO,29/08/2020 10:00,4,
Mazar,Agua potable,Cocina,770500,9716243,Semestral,NTE INEN_1108,Turbiedad,29/08/2020 10:00,0.7,
Mazar,Agua potable,Casa_de_máquinas_baño varones ,765498,9713304,Anual,NTE INEN_1108,Coliformes fecales,20/11/2020 10:30,1.1,
Mazar,Agua potable,Casa_de_máquinas_baño varones ,765498,9713304,Anual,NTE INEN_1108,DBO5,20/11/2020 10:30,0,
Mazar,Agua potable,Casa_de_máquinas_baño varones ,765498,9713304,Anual,NTE INEN_1108,DQO,20/11/2020 10:30,0,
Mazar,Agua potable,Casa_de_máquinas_baño varones ,765498,9713304,Anual,NTE INEN_1108,Hierro,20/11/2020 10:30,0,
Mazar,Agua potable,Casa_de_máquinas_baño varones ,765498,9713304,Anual,NTE INEN_1108,Color real,20/11/2020 10:30,6,
Mazar,Agua potable,Casa_de_máquinas_baño varones ,765498,9713304,Anual,NTE INEN_1108,Turbiedad,20/11/2020 10:30,0.7,
Mazar,Agua potable,Casa_de_máquinas_cafetería,770448,9716202,Anual,NTE INEN_1108,Coliformes fecales,20/11/2020 11:00,1.1,
Mazar,Agua potable,Casa_de_máquinas_cafetería,770448,9716202,Anual,NTE INEN_1108,DBO5,20/11/2020 11:00,0,
Mazar,Agua potable,Casa_de_máquinas_cafetería,770448,9716202,Anual,NTE INEN_1108,DQO,20/11/2020 11:00,0,
Mazar,Agua potable,Casa_de_máquinas_cafetería,770448,9716202,Anual,NTE INEN_1108,Hierro,20/11/2020 11:00,6,
Mazar,Agua potable,Casa_de_máquinas_cafetería,770448,9716202,Anual,NTE INEN_1108,Color real,20/11/2020 11:00,0,
Mazar,Agua potable,Casa_de_máquinas_cafetería,770448,9716202,Anual,NTE INEN_1108,Turbiedad,20/11/2020 11:00,0.7,
Mazar,Agua potable,Planta_de_tratamiento_arenales,770542,9716201,Anual,NTE INEN_1108,Coliformes fecales,20/11/2020 11:45,1.1,
Mazar,Agua potable,Planta_de_tratamiento_arenales,770542,9716201,Anual,NTE INEN_1108,DBO5,20/11/2020 11:45,0,
Mazar,Agua potable,Planta_de_tratamiento_arenales,770542,9716201,Anual,NTE INEN_1108,DQO,20/11/2020 11:45,0,
Mazar,Agua potable,Planta_de_tratamiento_arenales,770542,9716201,Anual,NTE INEN_1108,Hierro,20/11/2020 11:45,0,
Mazar,Agua potable,Planta_de_tratamiento_arenales,770542,9716201,Anual,NTE INEN_1108,Color real,20/11/2020 11:45,0,
Mazar,Agua potable,Planta_de_tratamiento_arenales,770542,9716201,Anual,NTE INEN_1108,Turbiedad,20/11/2020 11:45,0.7,
Mazar,Agua potable,Cocina,770500,9716243,Anual,NTE INEN_1108,Coliformes fecales,20/11/2020 12:10,1.1,
Mazar,Agua potable,Cocina,770500,9716243,Anual,NTE INEN_1108,DBO5,20/11/2020 12:10,0,
Mazar,Agua potable,Cocina,770500,9716243,Anual,NTE INEN_1108,DQO,20/11/2020 12:10,0,
Mazar,Agua potable,Cocina,770500,9716243,Anual,NTE INEN_1108,Hierro,20/11/2020 12:10,0,
Mazar,Agua potable,Cocina,770500,9716243,Anual,NTE INEN_1108,Color real,20/11/2020 12:10,6,
Mazar,Agua potable,Cocina,770500,9716243,Anual,NTE INEN_1108,Turbiedad,20/11/2020 12:10,0.7,
Mazar,Agua potable,Villa_21,770528,9716193,Anual,NTE INEN_1108,Coliformes fecales,20/11/2020 13:30,1.1,
Mazar,Agua potable,Villa_21,770528,9716193,Anual,NTE INEN_1108,DBO5,20/11/2020 13:30,0,
Mazar,Agua potable,Villa_21,770528,9716193,Anual,NTE INEN_1108,DQO,20/11/2020 13:30,0,
Mazar,Agua potable,Villa_21,770528,9716193,Anual,NTE INEN_1108,Hierro,20/11/2020 13:30,0,
Mazar,Agua potable,Villa_21,770528,9716193,Anual,NTE INEN_1108,Color real,20/11/2020 13:30,0,
Mazar,Agua potable,Villa_21,770528,9716193,Anual,NTE INEN_1108,Turbiedad,20/11/2020 13:30,0.7,
Mazar,Agua potable,Casa_de_máquinas_baño de varones,765498,9713304,Anual,NTE INEN_1108,Coliformes fecales,17/05/2021 14:10,1.1,
Mazar,Agua potable,Casa_de_máquinas_baño de varones,765498,9713304,Anual,NTE INEN_1108,DBO5,17/05/2021 14:10,0,
Mazar,Agua potable,Casa_de_máquinas_baño de varones,765498,9713304,Anual,NTE INEN_1108,DQO,17/05/2021 14:10,0,
Mazar,Agua potable,Casa_de_máquinas_baño de varones,765498,9713304,Anual,NTE INEN_1108,Color real,17/05/2021 14:10,0,
Mazar,Agua potable,Casa_de_máquinas_baño de varones,765498,9713304,Anual,NTE INEN_1108,Hierro,17/05/2021 14:10,1.7,
Mazar,Agua potable,Casa_de_máquinas_baño de varones,765498,9713304,Anual,NTE INEN_1108,Turbiedad,17/05/2021 14:10,0.7,
Mazar,Agua potable,Casa_de_máquinas_cafetería,770448,9716202,Anual,NTE INEN_1108,Coliformes fecales,17/05/2021 19:07,1.1,
Mazar,Agua potable,Casa_de_máquinas_cafetería,770448,9716202,Anual,NTE INEN_1108,DBO5,17/05/2021 19:07,0,
Mazar,Agua potable,Casa_de_máquinas_cafetería,770448,9716202,Anual,NTE INEN_1108,DQO,17/05/2021 19:07,0,
Mazar,Agua potable,Casa_de_máquinas_cafetería,770448,9716202,Anual,NTE INEN_1108,Color real,17/05/2021 19:07,0,
Mazar,Agua potable,Casa_de_máquinas_cafetería,770448,9716202,Anual,NTE INEN_1108,Hierro,17/05/2021 19:07,1.7,
Mazar,Agua potable,Casa_de_máquinas_cafetería,770448,9716202,Anual,NTE INEN_1108,Turbiedad,17/05/2021 19:07,0.7,
Mazar,Agua potable,Planta_de_tratamiento _arenales,770542,9716201,Anual,NTE INEN_1108,Coliformes fecales,17/05/2021 12:45,1.1,
Mazar,Agua potable,Planta_de_tratamiento _arenales,770542,9716201,Anual,NTE INEN_1108,DBO5,17/05/2021 12:45,0,
Mazar,Agua potable,Planta_de_tratamiento _arenales,770542,9716201,Anual,NTE INEN_1108,DQO,17/05/2021 12:45,0,
Mazar,Agua potable,Planta_de_tratamiento _arenales,770542,9716201,Anual,NTE INEN_1108,Color real,17/05/2021 12:45,0,
Mazar,Agua potable,Planta_de_tratamiento _arenales,770542,9716201,Anual,NTE INEN_1108,Hierro,17/05/2021 12:45,1.7,
Mazar,Agua potable,Planta_de_tratamiento _arenales,770542,9716201,Anual,NTE INEN_1108,Turbiedad,17/05/2021 12:45,0.7,
Mazar,Agua potable,Baño_Cocina,770478,9716233,Anual,NTE INEN_1108,Coliformes fecales,17/05/2021 19:30,1.1,
Mazar,Agua potable,Baño_Cocina,770478,9716233,Anual,NTE INEN_1108,DBO5,17/05/2021 19:30,0,
Mazar,Agua potable,Baño_Cocina,770478,9716233,Anual,NTE INEN_1108,DQO,17/05/2021 19:30,0,
Mazar,Agua potable,Baño_Cocina,770478,9716233,Anual,NTE INEN_1108,Color real,17/05/2021 19:30,0,
Mazar,Agua potable,Baño_Cocina,770478,9716233,Anual,NTE INEN_1108,Hierro,17/05/2021 19:30,1.7,
Mazar,Agua potable,Baño_Cocina,770478,9716233,Anual,NTE INEN_1108,Turbiedad,17/05/2021 19:30,0.7,
Mazar,Agua potable,Villa_21,770528,9716193,Anual,NTE INEN_1108,Coliformes fecales,17/05/2021 20:00,1.1,
Mazar,Agua potable,Villa_21,770528,9716193,Anual,NTE INEN_1108,DBO5,17/05/2021 20:00,0,
Mazar,Agua potable,Villa_21,770528,9716193,Anual,NTE INEN_1108,DQO,17/05/2021 20:00,0,
Mazar,Agua potable,Villa_21,770528,9716193,Anual,NTE INEN_1108,Color real,17/05/2021 20:00,0,
Mazar,Agua potable,Villa_21,770528,9716193,Anual,NTE INEN_1108,Hierro,17/05/2021 20:00,1.7,
Mazar,Agua potable,Villa_21,770528,9716193,Anual,NTE INEN_1108,Turbiedad,17/05/2021 20:00,0.7,
Molino,Agua potable,Planta_de_agua_potable,777949,9714137,Semestral,NTE INEN_1108,Color real,19/03/2018 15:20,26,
Molino,Agua potable,Planta_de_agua_potable,777949,9714137,Semestral,NTE INEN_1108,Turbiedad,19/03/2018 15:20,0.22,
Molino,Agua potable,Planta_de_agua_potable,777949,9714137,Semestral,NTE INEN_1108,DBO5,19/03/2018 15:20,1.98,
Molino,Agua potable,Planta_de_agua_potable,777949,9714137,Semestral,NTE INEN_1108,DQO,19/03/2018 15:20,3.18,
Molino,Agua potable,Planta_de_agua_potable,777949,9714137,Semestral,NTE INEN_1108,Coliformes fecales,19/03/2018 15:20,1,
Molino,Agua potable,Cocina,777681,9714646,Semestral,NTE INEN_1108,Color real,20/03/2018 16:30,23,
Molino,Agua potable,Cocina,777681,9714646,Semestral,NTE INEN_1108,Turbiedad,20/03/2018 16:30,0.22,
Molino,Agua potable,Cocina,777681,9714646,Semestral,NTE INEN_1108,DBO5,20/03/2018 16:30,1.59,
Molino,Agua potable,Cocina,777681,9714646,Semestral,NTE INEN_1108,DQO,20/03/2018 16:30,3.74,
Molino,Agua potable,Cocina,777681,9714646,Semestral,NTE INEN_1108,Coliformes fecales,20/03/2018 16:30,1,
Molino,Agua potable,Villa,777938,9714322,Semestral,NTE INEN_1108,Color real,20/03/2018 16:42,30,
Molino,Agua potable,Villa,777938,9714322,Semestral,NTE INEN_1108,Turbiedad,20/03/2018 16:42,0.21,
Molino,Agua potable,Villa,777938,9714322,Semestral,NTE INEN_1108,DBO5,20/03/2018 16:42,1.32,
Molino,Agua potable,Villa,777938,9714322,Semestral,NTE INEN_1108,DQO,20/03/2018 16:42,2.57,
Molino,Agua potable,Villa,777938,9714322,Semestral,NTE INEN_1108,Coliformes fecales,20/03/2018 16:42,1,
Molino,Agua potable,Barrio_misceláneos,777602,9714718,Semestral,NTE INEN_1108,Color real,20/03/2018 16:18,30,
Molino,Agua potable,Barrio_misceláneos,777602,9714718,Semestral,NTE INEN_1108,Turbiedad,20/03/2018 16:18,0.21,
Molino,Agua potable,Barrio_misceláneos,777602,9714718,Semestral,NTE INEN_1108,DBO5,20/03/2018 16:18,1.14,
Molino,Agua potable,Barrio_misceláneos,777602,9714718,Semestral,NTE INEN_1108,DQO,20/03/2018 16:18,1.98,
Molino,Agua potable,Barrio_misceláneos,777602,9714718,Semestral,NTE INEN_1108,Coliformes fecales,20/03/2018 16:18,1,
Molino,Agua potable,Casa_de_máquinas,771733,9714477,Semestral,NTE INEN_1108,Color real,20/03/2018 15:42,32,
Molino,Agua potable,Casa_de_máquinas,771733,9714477,Semestral,NTE INEN_1108,Turbiedad,20/03/2018 15:42,0.79,
Molino,Agua potable,Casa_de_máquinas,771733,9714477,Semestral,NTE INEN_1108,DBO5,20/03/2018 15:42,1.26,
Molino,Agua potable,Casa_de_máquinas,771733,9714477,Semestral,NTE INEN_1108,DQO,20/03/2018 15:42,2.1,
Molino,Agua potable,Casa_de_máquinas,771733,9714477,Semestral,NTE INEN_1108,Coliformes fecales,20/03/2018 15:42,30.9,
Molino,Agua potable,Taller_automotriz,777492,9714606,Semestral,NTE INEN_1108,Color real,20/03/2018 16:07,34,
Molino,Agua potable,Taller_automotriz,777492,9714606,Semestral,NTE INEN_1108,Turbiedad,20/03/2018 16:07,0.18,
Molino,Agua potable,Taller_automotriz,777492,9714606,Semestral,NTE INEN_1108,DBO5,20/03/2018 16:07,1.44,
Molino,Agua potable,Taller_automotriz,777492,9714606,Semestral,NTE INEN_1108,DQO,20/03/2018 16:07,2.05,
Molino,Agua potable,Taller_automotriz,777492,9714606,Semestral,NTE INEN_1108,Coliformes fecales,20/03/2018 16:07,1,
Molino,Agua potable,Edificio_control,776877,9714976,Semestral,NTE INEN_1108,Color real,20/03/2018 15:25,24,
Molino,Agua potable,Edificio_control,776877,9714976,Semestral,NTE INEN_1108,Turbiedad,20/03/2018 15:25,0.88,
Molino,Agua potable,Edificio_control,776877,9714976,Semestral,NTE INEN_1108,DBO5,20/03/2018 15:25,1.53,
Molino,Agua potable,Edificio_control,776877,9714976,Semestral,NTE INEN_1108,DQO,20/03/2018 15:25,2.97,
Molino,Agua potable,Edificio_control,776877,9714976,Semestral,NTE INEN_1108,Coliformes fecales,20/03/2018 15:25,1,
Molino,Agua potable,Cafetería_casa_de_máquinas 2,777173,9714477,Anual,NTE INEN_1108,Color real,26/12/2018 0:00,1,
Molino,Agua potable,Cafetería_casa_de_máquinas 2,777173,9714477,Anual,NTE INEN_1108,Turbiedad,26/12/2018 0:00,0.95,
Molino,Agua potable,Cafetería_casa_de_máquinas 2,777173,9714477,Anual,NTE INEN_1108,DBO5,26/12/2018 0:00,2,
Molino,Agua potable,Cafetería_casa_de_máquinas 2,777173,9714477,Anual,NTE INEN_1108,DQO,26/12/2018 0:00,4,
Molino,Agua potable,Cafetería_casa_de_máquinas 2,777173,9714477,Anual,NTE INEN_1108,Coliformes fecales,26/12/2018 0:00,1,
Molino,Agua potable,Cafetería_casa_de_máquinas 2,777173,9714477,Anual,NTE INEN_1108,Hierro,26/12/2018 0:00,0.25,
Molino,Agua potable,Planta_de_agua_potable,777949,9714137,Anual,NTE INEN_1108,Color real,26/12/2018 0:00,1,
Molino,Agua potable,Planta_de_agua_potable,777949,9714137,Anual,NTE INEN_1108,Turbiedad,26/12/2018 0:00,0.1,
Molino,Agua potable,Planta_de_agua_potable,777949,9714137,Anual,NTE INEN_1108,DBO5,26/12/2018 0:00,2,
Molino,Agua potable,Planta_de_agua_potable,777949,9714137,Anual,NTE INEN_1108,DQO,26/12/2018 0:00,4,
Molino,Agua potable,Planta_de_agua_potable,777949,9714137,Anual,NTE INEN_1108,Coliformes fecales,26/12/2018 0:00,81.6,
Molino,Agua potable,Planta_de_agua_potable,777949,9714137,Anual,NTE INEN_1108,Hierro,26/12/2018 0:00,0.25,
Molino,Agua potable,Campamento_malvinas,777787,9714460,Anual,NTE INEN_1108,Color real,26/12/2018 0:00,1,
Molino,Agua potable,Campamento_malvinas,777787,9714460,Anual,NTE INEN_1108,Turbiedad,26/12/2018 0:00,0.1,
Molino,Agua potable,Campamento_malvinas,777787,9714460,Anual,NTE INEN_1108,DBO5,26/12/2018 0:00,2,
Molino,Agua potable,Campamento_malvinas,777787,9714460,Anual,NTE INEN_1108,DQO,26/12/2018 0:00,4,
Molino,Agua potable,Campamento_malvinas,777787,9714460,Anual,NTE INEN_1108,Coliformes fecales,26/12/2018 0:00,1,
Molino,Agua potable,Campamento_malvinas,777787,9714460,Anual,NTE INEN_1108,Hierro,26/12/2018 0:00,0.25,
Molino,Agua potable,Taller_automotriz,777492,9714606,Anual,NTE INEN_1108,Color real,26/12/2018 0:00,1,
Molino,Agua potable,Taller_automotriz,777492,9714606,Anual,NTE INEN_1108,Turbiedad,26/12/2018 0:00,1.75,
Molino,Agua potable,Taller_automotriz,777492,9714606,Anual,NTE INEN_1108,DBO5,26/12/2018 0:00,2,
Molino,Agua potable,Taller_automotriz,777492,9714606,Anual,NTE INEN_1108,DQO,26/12/2018 0:00,4,
Molino,Agua potable,Taller_automotriz,777492,9714606,Anual,NTE INEN_1108,Coliformes fecales,26/12/2018 0:00,1,
Molino,Agua potable,Taller_automotriz,777492,9714606,Anual,NTE INEN_1108,Hierro,26/12/2018 0:00,0.25,
Molino,Agua potable,Edificio_control,776877,9714976,Anual,NTE INEN_1108,Color real,26/12/2018 0:00,1,
Molino,Agua potable,Edificio_control,776877,9714976,Anual,NTE INEN_1108,Turbiedad,26/12/2018 0:00,0.33,
Molino,Agua potable,Edificio_control,776877,9714976,Anual,NTE INEN_1108,DBO5,26/12/2018 0:00,2,
Molino,Agua potable,Edificio_control,776877,9714976,Anual,NTE INEN_1108,DQO,26/12/2018 0:00,4,
Molino,Agua potable,Edificio_control,776877,9714976,Anual,NTE INEN_1108,Coliformes fecales,26/12/2018 0:00,21.6,
Molino,Agua potable,Edificio_control,776877,9714976,Anual,NTE INEN_1108,Hierro,26/12/2018 0:00,0.25,
Molino,Agua potable,Barrio_misceláneos,777602,9714718,Anual,NTE INEN_1108,Color real,27/12/2018 0:00,1,
Molino,Agua potable,Barrio_misceláneos,777602,9714718,Anual,NTE INEN_1108,Turbiedad,27/12/2018 0:00,0.94,
Molino,Agua potable,Barrio_misceláneos,777602,9714718,Anual,NTE INEN_1108,DBO5,27/12/2018 0:00,2,
Molino,Agua potable,Barrio_misceláneos,777602,9714718,Anual,NTE INEN_1108,DQO,27/12/2018 0:00,4,
Molino,Agua potable,Barrio_misceláneos,777602,9714718,Anual,NTE INEN_1108,Coliformes fecales,27/12/2018 0:00,1,
Molino,Agua potable,Barrio_misceláneos,777602,9714718,Anual,NTE INEN_1108,Hierro,27/12/2018 0:00,0.25,
Molino,Agua potable,Cocina,777681,9714646,Anual,NTE INEN_1108,Color real,27/12/2018 0:00,1,
Molino,Agua potable,Cocina,777681,9714646,Anual,NTE INEN_1108,Turbiedad,26/12/2018 0:00,0.1,
Molino,Agua potable,Cocina,777681,9714646,Anual,NTE INEN_1108,DBO5,26/12/2018 0:00,2,
Molino,Agua potable,Cocina,777681,9714646,Anual,NTE INEN_1108,DQO,26/12/2018 0:00,4,
Molino,Agua potable,Cocina,777681,9714646,Anual,NTE INEN_1108,Coliformes fecales,26/12/2018 0:00,1,
Molino,Agua potable,Cocina,777681,9714646,Anual,NTE INEN_1108,Hierro,26/12/2018 0:00,0.25,
Molino,Agua potable,Cafetería_casa_de_máquinas 2,777099,9714860,Anual,NTE INEN_1108,Color real,26/12/2018 0:00,1,
Molino,Agua potable,Cafetería_casa_de_máquinas 2,777099,9714860,Anual,NTE INEN_1108,Turbiedad,26/12/2018 0:00,0.97,
Molino,Agua potable,Cafetería_casa_de_máquinas 2,777099,9714860,Anual,NTE INEN_1108,DBO5,26/12/2018 0:00,2,
Molino,Agua potable,Cafetería_casa_de_máquinas 2,777099,9714860,Anual,NTE INEN_1108,DQO,26/12/2018 0:00,4,
Molino,Agua potable,Cafetería_casa_de_máquinas 2,777099,9714860,Anual,NTE INEN_1108,Coliformes fecales,26/12/2018 0:00,1,
Molino,Agua potable,Cafetería_casa_de_máquinas 2,777099,9714860,Anual,NTE INEN_1108,Hierro,26/12/2018 0:00,0.25,
Molino,Agua potable,Planta_de_agua_potable,777949,9714137,Anual,NTE INEN_1108,Coliformes fecales,16/09/2019 15:12,1,
Molino,Agua potable,Planta_de_agua_potable,777949,9714137,Anual,NTE INEN_1108,Color real,16/09/2019 15:12,1,
Molino,Agua potable,Planta_de_agua_potable,777949,9714137,Anual,NTE INEN_1108,DBO5,16/09/2019 15:12,2,
Molino,Agua potable,Planta_de_agua_potable,777949,9714137,Anual,NTE INEN_1108,DQO,16/09/2019 15:12,4,
Molino,Agua potable,Planta_de_agua_potable,777949,9714137,Anual,NTE INEN_1108,Hierro,16/09/2019 15:12,0.25,
Molino,Agua potable,Planta_de_agua_potable,777949,9714137,Anual,NTE INEN_1108,Turbiedad,16/09/2019 15:12,0.1,
Molino,Agua potable,Cocina,777681,9714646,Anual,NTE INEN_1108,Coliformes fecales,16/09/2019 15:12,1,
Molino,Agua potable,Cocina,777681,9714646,Anual,NTE INEN_1108,Color real,16/09/2019 15:12,1,
Molino,Agua potable,Cocina,777681,9714646,Anual,NTE INEN_1108,DBO5,16/09/2019 15:12,2,
Molino,Agua potable,Cocina,777681,9714646,Anual,NTE INEN_1108,DQO,16/09/2019 15:12,4,
Molino,Agua potable,Cocina,777681,9714646,Anual,NTE INEN_1108,Hierro,16/09/2019 15:12,0.25,
Molino,Agua potable,Cocina,777681,9714646,Anual,NTE INEN_1108,Turbiedad,16/09/2019 15:12,0.1,
Molino,Agua potable,Villa,777938,9714322,Anual,NTE INEN_1108,Coliformes fecales,16/09/2019 15:12,1,
Molino,Agua potable,Villa,777938,9714322,Anual,NTE INEN_1108,Color real,16/09/2019 15:12,1,
Molino,Agua potable,Villa,777938,9714322,Anual,NTE INEN_1108,DBO5,16/09/2019 15:12,2,
Molino,Agua potable,Villa,777938,9714322,Anual,NTE INEN_1108,DQO,16/09/2019 15:12,4,
Molino,Agua potable,Villa,777938,9714322,Anual,NTE INEN_1108,Hierro,16/09/2019 15:12,0.25,
Molino,Agua potable,Villa,777938,9714322,Anual,NTE INEN_1108,Turbiedad,16/09/2019 15:12,0.12,
Molino,Agua potable,Campamento_malvinas,777787,9714460,Anual,NTE INEN_1108,Coliformes fecales,16/09/2019 15:12,1,
Molino,Agua potable,Campamento_malvinas,777787,9714460,Anual,NTE INEN_1108,Color real,16/09/2019 15:12,1,
Molino,Agua potable,Campamento_malvinas,777787,9714460,Anual,NTE INEN_1108,DBO5,16/09/2019 15:12,2,
Molino,Agua potable,Campamento_malvinas,777787,9714460,Anual,NTE INEN_1108,DQO,16/09/2019 15:12,4,
Molino,Agua potable,Campamento_malvinas,777787,9714460,Anual,NTE INEN_1108,Hierro,16/09/2019 15:12,0.25,
Molino,Agua potable,Campamento_malvinas,777787,9714460,Anual,NTE INEN_1108,Turbiedad,16/09/2019 15:12,0.21,
Molino,Agua potable,Casa_de_máquinas,771733,9714477,Anual,NTE INEN_1108,Coliformes fecales,16/09/2019 15:12,71.2,
Molino,Agua potable,Casa_de_máquinas,771733,9714477,Anual,NTE INEN_1108,Color real,16/09/2019 15:12,1,
Molino,Agua potable,Casa_de_máquinas,771733,9714477,Anual,NTE INEN_1108,DBO5,16/09/2019 15:12,2,
Molino,Agua potable,Casa_de_máquinas,771733,9714477,Anual,NTE INEN_1108,DQO,16/09/2019 15:12,4,
Molino,Agua potable,Casa_de_máquinas,771733,9714477,Anual,NTE INEN_1108,Hierro,16/09/2019 15:12,0.25,
Molino,Agua potable,Casa_de_máquinas,771733,9714477,Anual,NTE INEN_1108,Turbiedad,16/09/2019 15:12,2295,
Molino,Agua potable,Taller_automotriz,777492,9714606,Anual,NTE INEN_1108,Coliformes fecales,16/09/2019 15:12,1,
Molino,Agua potable,Taller_automotriz,777492,9714606,Anual,NTE INEN_1108,Color real,16/09/2019 15:12,1,
Molino,Agua potable,Taller_automotriz,777492,9714606,Anual,NTE INEN_1108,DBO5,16/09/2019 15:12,2,
Molino,Agua potable,Taller_automotriz,777492,9714606,Anual,NTE INEN_1108,DQO,16/09/2019 15:12,4,
Molino,Agua potable,Taller_automotriz,777492,9714606,Anual,NTE INEN_1108,Hierro,16/09/2019 15:12,0.25,
Molino,Agua potable,Taller_automotriz,777492,9714606,Anual,NTE INEN_1108,Turbiedad,16/09/2019 15:12,0.14,
Molino,Agua potable,Edificio_control,776877,9714976,Anual,NTE INEN_1108,Coliformes fecales,16/09/2019 15:12,1,
Molino,Agua potable,Edificio_control,776877,9714976,Anual,NTE INEN_1108,Color real,16/09/2019 15:12,1,
Molino,Agua potable,Edificio_control,776877,9714976,Anual,NTE INEN_1108,DBO5,16/09/2019 15:12,2,
Molino,Agua potable,Edificio_control,776877,9714976,Anual,NTE INEN_1108,DQO,16/09/2019 15:12,4,
Molino,Agua potable,Edificio_control,776877,9714976,Anual,NTE INEN_1108,Hierro,16/09/2019 15:12,0.25,
Molino,Agua potable,Edificio_control,776877,9714976,Anual,NTE INEN_1108,Turbiedad,16/09/2019 15:12,0.34,
Molino,Agua potable,Planta_de_agua_potable,777949,9714137,Semestral,NTE INEN_1108,Coliformes fecales,30/08/2020 9:30,1.1,
Molino,Agua potable,Planta_de_agua_potable,777949,9714137,Semestral,NTE INEN_1108,Color real,30/08/2020 9:30,0,
Molino,Agua potable,Planta_de_agua_potable,777949,9714137,Semestral,NTE INEN_1108,Hierro,30/08/2020 9:30,0,
Molino,Agua potable,Planta_de_agua_potable,777949,9714137,Semestral,NTE INEN_1108,Turbiedad,30/08/2020 9:30,0.7,
Molino,Agua potable,Pinos_villa 14,778013,9714278,Semestral,NTE INEN_1108,Coliformes fecales,30/08/2020 9:50,1.1,
Molino,Agua potable,Pinos_villa 14,778013,9714278,Semestral,NTE INEN_1108,DBO5,30/08/2020 9:50,2.08,
Molino,Agua potable,Pinos_villa 14,778013,9714278,Semestral,NTE INEN_1108,DQO,30/08/2020 9:50,13,
Molino,Agua potable,Pinos_villa 14,778013,9714278,Semestral,NTE INEN_1108,Turbiedad,30/08/2020 9:50,0.7,
Molino,Agua potable,Campamento_malvinas,777787,9714460,Semestral,NTE INEN_1108,Coliformes fecales,30/08/2020 10:15,1.1,
Molino,Agua potable,Campamento_malvinas,777787,9714460,Semestral,NTE INEN_1108,DBO5,30/08/2020 10:15,0,
Molino,Agua potable,Campamento_malvinas,777787,9714460,Semestral,NTE INEN_1108,DQO,30/08/2020 10:15,0,
Molino,Agua potable,Campamento_malvinas,777787,9714460,Semestral,NTE INEN_1108,Color real,30/08/2020 10:15,0,
Molino,Agua potable,Campamento_malvinas,777787,9714460,Semestral,NTE INEN_1108,Hierro,30/08/2020 10:15,0,
Molino,Agua potable,Campamento_malvinas,777787,9714460,Semestral,NTE INEN_1108,Turbiedad,30/08/2020 10:15,0.7,
Molino,Agua potable,Cocina,777681,9714646,Semestral,NTE INEN_1108,Coliformes fecales,30/08/2020 10:35,1.1,
Molino,Agua potable,Cocina,777681,9714646,Semestral,NTE INEN_1108,DBO5,30/08/2020 10:35,1.04,
Molino,Agua potable,Cocina,777681,9714646,Semestral,NTE INEN_1108,DQO,30/08/2020 10:35,12,
Molino,Agua potable,Cocina,777681,9714646,Semestral,NTE INEN_1108,Color real,30/08/2020 10:35,0,
Molino,Agua potable,Cocina,777681,9714646,Semestral,NTE INEN_1108,Hierro,30/08/2020 10:35,0,
Molino,Agua potable,Cocina,777681,9714646,Semestral,NTE INEN_1108,Turbiedad,30/08/2020 10:35,91.3,
Molino,Agua potable,Edificio_control,776877,9714976,Semestral,NTE INEN_1108,Coliformes fecales,30/08/2020 17:30,1.1,
Molino,Agua potable,Edificio_control,776877,9714976,Semestral,NTE INEN_1108,DBO5,30/08/2020 17:30,0,
Molino,Agua potable,Edificio_control,776877,9714976,Semestral,NTE INEN_1108,DQO,30/08/2020 17:30,0,
Molino,Agua potable,Edificio_control,776877,9714976,Semestral,NTE INEN_1108,Color real,30/08/2020 17:30,0,
Molino,Agua potable,Edificio_control,776877,9714976,Semestral,NTE INEN_1108,Hierro,30/08/2020 17:30,0,
Molino,Agua potable,Edificio_control,776877,9714976,Semestral,NTE INEN_1108,Turbiedad,30/08/2020 17:30,1.11,
Molino,Agua potable,Cafetería_casa_de_máquinas 2,777099,9714860,Semestral,NTE INEN_1108,Coliformes fecales,30/08/2020 18:20,1.1,
Molino,Agua potable,Cafetería_casa_de_máquinas 2,777099,9714860,Semestral,NTE INEN_1108,DBO5,30/08/2020 18:20,0,
Molino,Agua potable,Cafetería_casa_de_máquinas 2,777099,9714860,Semestral,NTE INEN_1108,DQO,30/08/2020 18:20,0,
Molino,Agua potable,Cafetería_casa_de_máquinas 2,777099,9714860,Semestral,NTE INEN_1108,Color real,30/08/2020 18:20,0,
Molino,Agua potable,Cafetería_casa_de_máquinas 2,777099,9714860,Semestral,NTE INEN_1108,Hierro,30/08/2020 18:20,0,
Molino,Agua potable,Cafetería_casa_de_máquinas 2,777099,9714860,Semestral,NTE INEN_1108,Turbiedad,30/08/2020 18:20,0.7,
Molino,Agua potable,Barrio_misceláneos,777602,9714718,Anual,NTE INEN_1108,Coliformes fecales,21/11/2020 15:50,1.1,
Molino,Agua potable,Barrio_misceláneos,777602,9714718,Anual,NTE INEN_1108,DBO5,21/11/2020 15:50,0,
Molino,Agua potable,Barrio_misceláneos,777602,9714718,Anual,NTE INEN_1108,DQO,21/11/2020 15:50,0,
Molino,Agua potable,Barrio_misceláneos,777602,9714718,Anual,NTE INEN_1108,Color real,21/11/2020 15:50,0,
Molino,Agua potable,Barrio_misceláneos,777602,9714718,Anual,NTE INEN_1108,Hierro,21/11/2020 15:50,0,
Molino,Agua potable,Barrio_misceláneos,777602,9714718,Anual,NTE INEN_1108,Turbiedad,21/11/2020 15:50,0.7,
Molino,Agua potable,Baño_de_cocina,777678,9714686,Anual,NTE INEN_1108,Coliformes fecales,21/11/2020 19:40,1.1,
Molino,Agua potable,Baño_de_cocina,777678,9714686,Anual,NTE INEN_1108,DBO5,21/11/2020 19:40,0,
Molino,Agua potable,Baño_de_cocina,777678,9714686,Anual,NTE INEN_1108,DQO,21/11/2020 19:40,0,
Molino,Agua potable,Baño_de_cocina,777678,9714686,Anual,NTE INEN_1108,Color real,21/11/2020 19:40,0,
Molino,Agua potable,Baño_de_cocina,777678,9714686,Anual,NTE INEN_1108,Hierro,21/11/2020 19:40,0,
Molino,Agua potable,Baño_de_cocina,777678,9714686,Anual,NTE INEN_1108,Turbiedad,21/11/2020 19:40,0.7,
Molino,Agua potable,Edificio_control,776877,9714976,Anual,NTE INEN_1108,Coliformes fecales,22/11/2020 8:20,1.1,
Molino,Agua potable,Edificio_control,776877,9714976,Anual,NTE INEN_1108,DBO5,22/11/2020 8:20,0,
Molino,Agua potable,Edificio_control,776877,9714976,Anual,NTE INEN_1108,DQO,22/11/2020 8:20,0,
Molino,Agua potable,Edificio_control,776877,9714976,Anual,NTE INEN_1108,Color real,22/11/2020 8:20,0,
Molino,Agua potable,Edificio_control,776877,9714976,Anual,NTE INEN_1108,Hierro,22/11/2020 8:20,0,
Molino,Agua potable,Edificio_control,776877,9714976,Anual,NTE INEN_1108,Turbiedad,22/11/2020 8:20,0.7,
Molino,Agua potable,Cafetería,777186,9714900,Anual,NTE INEN_1108,Coliformes fecales,22/11/2020 9:10,1.1,
Molino,Agua potable,Cafetería,777186,9714900,Anual,NTE INEN_1108,DBO5,22/11/2020 9:10,0,
Molino,Agua potable,Cafetería,777186,9714900,Anual,NTE INEN_1108,DQO,22/11/2020 9:10,0,
Molino,Agua potable,Cafetería,777186,9714900,Anual,NTE INEN_1108,Color real,22/11/2020 9:10,0,
Molino,Agua potable,Cafetería,777186,9714900,Anual,NTE INEN_1108,Hierro,22/11/2020 9:10,0,
Molino,Agua potable,Cafetería,777186,9714900,Anual,NTE INEN_1108,Turbiedad,22/11/2020 9:10,0.7,
Molino,Agua potable,Planta_de_agua_potable,777949,9714137,Anual,NTE INEN_1108,Coliformes fecales,22/11/2020 13:35,1.1,
Molino,Agua potable,Planta_de_agua_potable,777949,9714137,Anual,NTE INEN_1108,DBO5,22/11/2020 13:35,0,
Molino,Agua potable,Planta_de_agua_potable,777949,9714137,Anual,NTE INEN_1108,DQO,22/11/2020 13:35,0,
Molino,Agua potable,Planta_de_agua_potable,777949,9714137,Anual,NTE INEN_1108,Color real,22/11/2020 13:35,0,
Molino,Agua potable,Planta_de_agua_potable,777949,9714137,Anual,NTE INEN_1108,Hierro,22/11/2020 13:35,0,
Molino,Agua potable,Planta_de_agua_potable,777949,9714137,Anual,NTE INEN_1108,Turbiedad,22/11/2020 13:35,0.7,
Molino,Agua potable,Pinos_villa 14,778013,9714278,Anual,NTE INEN_1108,Coliformes fecales,22/11/2020 15:40,1.1,
Molino,Agua potable,Pinos_villa 14,778013,9714278,Anual,NTE INEN_1108,DBO5,22/11/2020 15:40,0,
Molino,Agua potable,Pinos_villa 14,778013,9714278,Anual,NTE INEN_1108,DQO,22/11/2020 15:40,0,
Molino,Agua potable,Pinos_villa 14,778013,9714278,Anual,NTE INEN_1108,Color real,22/11/2020 15:40,0,
Molino,Agua potable,Pinos_villa 14,778013,9714278,Anual,NTE INEN_1108,Hierro,22/11/2020 15:40,0,
Molino,Agua potable,Pinos_villa 14,778013,9714278,Anual,NTE INEN_1108,Turbiedad,22/11/2020 15:40,0.7,
Molino,Agua potable,Barrio_misceláneos,777602,9714718,Anual,NTE INEN_1108,Coliformes fecales,15/05/2021 14:00,1.1,
Molino,Agua potable,Barrio_misceláneos,777602,9714718,Anual,NTE INEN_1108,Hierro,15/05/2021 14:00,1.7,
Molino,Agua potable,Barrio_misceláneos,777602,9714718,Anual,NTE INEN_1108,Turbiedad,15/05/2021 14:00,0.7,
Molino,Agua potable,Baño_de_cocina,777678,9714686,Anual,NTE INEN_1108,Coliformes fecales,15/05/2021 12:30,1.1,
Molino,Agua potable,Baño_de_cocina,777678,9714686,Anual,NTE INEN_1108,Color real,15/05/2021 12:30,6,
Molino,Agua potable,Baño_de_cocina,777678,9714686,Anual,NTE INEN_1108,Hierro,15/05/2021 12:30,1.7,
Molino,Agua potable,Baño_de_cocina,777678,9714686,Anual,NTE INEN_1108,Turbiedad,15/05/2021 12:30,0.7,
Molino,Agua potable,Edificio_control,776877,9714976,Anual,NTE INEN_1108,Coliformes fecales,15/05/2021 17:52,1.1,
Molino,Agua potable,Edificio_control,776877,9714976,Anual,NTE INEN_1108,DBO5,15/05/2021 17:52,0.69,
Molino,Agua potable,Edificio_control,776877,9714976,Anual,NTE INEN_1108,DQO,15/05/2021 17:52,10,
Molino,Agua potable,Edificio_control,776877,9714976,Anual,NTE INEN_1108,Hierro,15/05/2021 17:52,1.7,
Molino,Agua potable,Edificio_control,776877,9714976,Anual,NTE INEN_1108,Turbiedad,15/05/2021 17:52,0.7,
Molino,Agua potable,Cafetería,777186,9714900,Anual,NTE INEN_1108,Coliformes fecales,15/05/2021 15:30,1.1,
Molino,Agua potable,Cafetería,777186,9714900,Anual,NTE INEN_1108,Color real,15/05/2021 15:30,6,
Molino,Agua potable,Cafetería,777186,9714900,Anual,NTE INEN_1108,DBO5,15/05/2021 15:30,0.37,
Molino,Agua potable,Cafetería,777186,9714900,Anual,NTE INEN_1108,Hierro,15/05/2021 15:30,1.7,
Molino,Agua potable,Cafetería,777186,9714900,Anual,NTE INEN_1108,Turbiedad,15/05/2021 15:30,0.7,
Molino,Agua potable,Planta_de_agua_potable,777949,9714137,Anual,NTE INEN_1108,Coliformes fecales,16/05/2021 13:25,1.1,
Molino,Agua potable,Planta_de_agua_potable,777949,9714137,Anual,NTE INEN_1108,Color real,16/05/2021 13:25,6,
Molino,Agua potable,Planta_de_agua_potable,777949,9714137,Anual,NTE INEN_1108,DQO,16/05/2021 13:25,4,
Molino,Agua potable,Planta_de_agua_potable,777949,9714137,Anual,NTE INEN_1108,Hierro,16/05/2021 13:25,1.7,
Molino,Agua potable,Planta_de_agua_potable,777949,9714137,Anual,NTE INEN_1108,Turbiedad,16/05/2021 13:25,0.7,
Molino,Agua potable,Pinos_villa 14,778013,9714278,Anual,NTE INEN_1108,Coliformes fecales,15/05/2021 12:10,1.1,
Molino,Agua potable,Pinos_villa 14,778013,9714278,Anual,NTE INEN_1108,Color real,15/05/2021 12:10,6,
Molino,Agua potable,Pinos_villa 14,778013,9714278,Anual,NTE INEN_1108,Hierro,15/05/2021 12:10,1.7,
Molino,Agua potable,Pinos_villa 14,778013,9714278,Anual,NTE INEN_1108,Turbiedad,15/05/2021 12:10,0.7,
Sopladora,Agua potable,Planta_de_agua_potable,783250,9711790,Semestral,NTE INEN_1108,Color real,20/03/2018 9:16,14,
Sopladora,Agua potable,Planta_de_agua_potable,783250,9711790,Semestral,NTE INEN_1108,Turbiedad,20/03/2018 9:16,0.37,
Sopladora,Agua potable,Planta_de_agua_potable,783250,9711790,Semestral,NTE INEN_1108,DBO5,20/03/2018 9:16,1.29,
Sopladora,Agua potable,Planta_de_agua_potable,783250,9711790,Semestral,NTE INEN_1108,DQO,20/03/2018 9:16,3.08,
Sopladora,Agua potable,Planta_de_agua_potable,783250,9711790,Semestral,NTE INEN_1108,Coliformes fecales,20/03/2018 9:16,7.5,
Sopladora,Agua potable,Campamento,783422,9711823,Semestral,NTE INEN_1108,Color real,20/03/2018 9:48,21,
Sopladora,Agua potable,Campamento,783422,9711823,Semestral,NTE INEN_1108,Turbiedad,20/03/2018 9:48,0.24,
Sopladora,Agua potable,Campamento,783422,9711823,Semestral,NTE INEN_1108,DBO5,20/03/2018 9:48,1.02,
Sopladora,Agua potable,Campamento,783422,9711823,Semestral,NTE INEN_1108,DQO,20/03/2018 9:48,2.44,
Sopladora,Agua potable,Campamento,783422,9711823,Semestral,NTE INEN_1108,Coliformes fecales,20/03/2018 9:48,1,
Sopladora,Agua potable,Comedor,783452,9711789,Semestral,NTE INEN_1108,Color real,20/03/2018 9:55,12,
Sopladora,Agua potable,Comedor,783452,9711789,Semestral,NTE INEN_1108,Turbiedad,20/03/2018 9:55,0.22,
Sopladora,Agua potable,Comedor,783452,9711789,Semestral,NTE INEN_1108,DBO5,20/03/2018 9:55,1.05,
Sopladora,Agua potable,Comedor,783452,9711789,Semestral,NTE INEN_1108,DQO,20/03/2018 9:55,3.27,
Sopladora,Agua potable,Comedor,783452,9711789,Semestral,NTE INEN_1108,Coliformes fecales,20/03/2018 9:55,1,
Sopladora,Agua potable,Casa_de_máquinas,783740,9712914,Semestral,NTE INEN_1108,Color real,20/03/2018 12:10,10,
Sopladora,Agua potable,Casa_de_máquinas,783740,9712914,Semestral,NTE INEN_1108,Turbiedad,20/03/2018 12:10,0.51,
Sopladora,Agua potable,Casa_de_máquinas,783740,9712914,Semestral,NTE INEN_1108,DBO5,20/03/2018 12:10,1.92,
Sopladora,Agua potable,Casa_de_máquinas,783740,9712914,Semestral,NTE INEN_1108,DQO,20/03/2018 12:10,3.42,
Sopladora,Agua potable,Casa_de_máquinas,783740,9712914,Semestral,NTE INEN_1108,Coliformes fecales,20/03/2018 12:10,1,
Sopladora,Agua potable,Planta de agua potable_casa de máquinas,781001,9713876,Semestral,NTE INEN_1108,Color real,20/03/2018 11:45,13,
Sopladora,Agua potable,Planta de agua potable_casa de máquinas,781001,9713876,Semestral,NTE INEN_1108,Turbiedad,20/03/2018 11:45,0.59,
Sopladora,Agua potable,Planta de agua potable_casa de máquinas,781001,9713876,Semestral,NTE INEN_1108,DBO5,20/03/2018 11:45,1.35,
Sopladora,Agua potable,Planta de agua potable_casa de máquinas,781001,9713876,Semestral,NTE INEN_1108,DQO,20/03/2018 11:45,3.93,
Sopladora,Agua potable,Planta de agua potable_casa de máquinas,781001,9713876,Semestral,NTE INEN_1108,Coliformes fecales,20/03/2018 11:45,1,
Sopladora,Agua potable,Edificio_de_control,781715,9713383,Semestral,NTE INEN_1108,Color real,20/03/2018 13:00,10,
Sopladora,Agua potable,Edificio_de_control,781715,9713383,Semestral,NTE INEN_1108,Turbiedad,20/03/2018 13:00,1.27,
Sopladora,Agua potable,Edificio_de_control,781715,9713383,Semestral,NTE INEN_1108,DBO5,20/03/2018 13:00,1.17,
Sopladora,Agua potable,Edificio_de_control,781715,9713383,Semestral,NTE INEN_1108,DQO,20/03/2018 13:00,3.13,
Sopladora,Agua potable,Edificio_de_control,781715,9713383,Semestral,NTE INEN_1108,Coliformes fecales,20/03/2018 13:00,1,
Sopladora,Agua potable,Casa_de_máquinas,783740,9712914,Anual,NTE INEN_1108,Color real,28/12/2018 0:00,1,
Sopladora,Agua potable,Casa_de_máquinas,783740,9712914,Anual,NTE INEN_1108,Turbiedad,28/12/2018 0:00,0.48,
Sopladora,Agua potable,Casa_de_máquinas,783740,9712914,Anual,NTE INEN_1108,DBO5,28/12/2018 0:00,2,
Sopladora,Agua potable,Casa_de_máquinas,783740,9712914,Anual,NTE INEN_1108,DQO,28/12/2018 0:00,4,
Sopladora,Agua potable,Casa_de_máquinas,783740,9712914,Anual,NTE INEN_1108,Coliformes fecales,28/12/2018 0:00,8.6,
Sopladora,Agua potable,Casa_de_máquinas,783740,9712914,Anual,NTE INEN_1108,Hierro,28/12/2018 0:00,0.25,
Sopladora,Agua potable,Edificio_de_control,781715,9713383,Anual,NTE INEN_1108,Color real,28/12/2018 0:00,1,
Sopladora,Agua potable,Edificio_de_control,781715,9713383,Anual,NTE INEN_1108,Turbiedad,28/12/2018 0:00,0.88,
Sopladora,Agua potable,Edificio_de_control,781715,9713383,Anual,NTE INEN_1108,DBO5,28/12/2018 0:00,2,
Sopladora,Agua potable,Edificio_de_control,781715,9713383,Anual,NTE INEN_1108,DQO,28/12/2018 0:00,4,
Sopladora,Agua potable,Edificio_de_control,781715,9713383,Anual,NTE INEN_1108,Coliformes fecales,28/12/2018 0:00,4.1,
Sopladora,Agua potable,Edificio_de_control,781715,9713383,Anual,NTE INEN_1108,Hierro,28/12/2018 0:00,0.25,
Sopladora,Agua potable,Planta de agua potable_casa de máquinas,781001,9713876,Anual,NTE INEN_1108,Color real,28/12/2018 0:00,4,
Sopladora,Agua potable,Planta de agua potable_casa de máquinas,781001,9713876,Anual,NTE INEN_1108,Turbiedad,28/12/2018 0:00,10.7,
Sopladora,Agua potable,Planta de agua potable_casa de máquinas,781001,9713876,Anual,NTE INEN_1108,DBO5,28/12/2018 0:00,2,
Sopladora,Agua potable,Planta de agua potable_casa de máquinas,781001,9713876,Anual,NTE INEN_1108,DQO,28/12/2018 0:00,4,
Sopladora,Agua potable,Planta de agua potable_casa de máquinas,781001,9713876,Anual,NTE INEN_1108,Coliformes fecales,28/12/2018 0:00,1,
Sopladora,Agua potable,Planta de agua potable_casa de máquinas,781001,9713876,Anual,NTE INEN_1108,Hierro,28/12/2018 0:00,0.25,
Sopladora,Agua potable,Comedor,783452,9711789,Anual,NTE INEN_1108,Color real,28/12/2018 0:00,3,
Sopladora,Agua potable,Comedor,783452,9711789,Anual,NTE INEN_1108,Turbiedad,28/12/2018 0:00,0.35,
Sopladora,Agua potable,Comedor,783452,9711789,Anual,NTE INEN_1108,DBO5,28/12/2018 0:00,2,
Sopladora,Agua potable,Comedor,783452,9711789,Anual,NTE INEN_1108,DQO,28/12/2018 0:00,4,
Sopladora,Agua potable,Comedor,783452,9711789,Anual,NTE INEN_1108,Coliformes fecales,28/12/2018 0:00,1,
Sopladora,Agua potable,Comedor,783452,9711789,Anual,NTE INEN_1108,Hierro,28/12/2018 0:00,0.25,
Sopladora,Agua potable,Campamento,783422,9711823,Anual,NTE INEN_1108,Color real,28/12/2018 0:00,1,
Sopladora,Agua potable,Campamento,783422,9711823,Anual,NTE INEN_1108,Turbiedad,28/12/2018 0:00,0.13,
Sopladora,Agua potable,Campamento,783422,9711823,Anual,NTE INEN_1108,DBO5,28/12/2018 0:00,2,
Sopladora,Agua potable,Campamento,783422,9711823,Anual,NTE INEN_1108,DQO,28/12/2018 0:00,4,
Sopladora,Agua potable,Campamento,783422,9711823,Anual,NTE INEN_1108,Coliformes fecales,28/12/2018 0:00,1,
Sopladora,Agua potable,Campamento,783422,9711823,Anual,NTE INEN_1108,Hierro,28/12/2018 0:00,0.25,
Sopladora,Agua potable,Planta_de_agua_potable,783250,9711790,Anual,NTE INEN_1108,Color real,28/12/2018 0:00,1,
Sopladora,Agua potable,Planta_de_agua_potable,783250,9711790,Anual,NTE INEN_1108,Turbiedad,28/12/2018 0:00,0.16,
Sopladora,Agua potable,Planta_de_agua_potable,783250,9711790,Anual,NTE INEN_1108,DBO5,28/12/2018 0:00,2,
Sopladora,Agua potable,Planta_de_agua_potable,783250,9711790,Anual,NTE INEN_1108,DQO,28/12/2018 0:00,4,
Sopladora,Agua potable,Planta_de_agua_potable,783250,9711790,Anual,NTE INEN_1108,Coliformes fecales,28/12/2018 0:00,1,
Sopladora,Agua potable,Planta_de_agua_potable,783250,9711790,Anual,NTE INEN_1108,Hierro,28/12/2018 0:00,0.25,
Sopladora,Agua potable,Casa de maquinas_oficina,781709,9713383,Anual,NTE INEN_1108,Coliformes fecales,17/09/2019 11:19,1,
Sopladora,Agua potable,Casa de maquinas_oficina,781709,9713383,Anual,NTE INEN_1108,Color real,17/09/2019 11:19,4,
Sopladora,Agua potable,Casa de maquinas_oficina,781709,9713383,Anual,NTE INEN_1108,DBO5,17/09/2019 11:19,2,
Sopladora,Agua potable,Casa de maquinas_oficina,781709,9713383,Anual,NTE INEN_1108,DQO,17/09/2019 11:19,4,
Sopladora,Agua potable,Casa de maquinas_oficina,781709,9713383,Anual,NTE INEN_1108,Hierro,17/09/2019 11:19,2.81,
Sopladora,Agua potable,Casa de maquinas_oficina,781709,9713383,Anual,NTE INEN_1108,Turbiedad,17/09/2019 11:19,13.2,
Sopladora,Agua potable,Planta de agua potable_casa de máquinas,781001,9713876,Anual,NTE INEN_1108,Coliformes fecales,17/09/2019 11:19,1,
Sopladora,Agua potable,Planta de agua potable_casa de máquinas,781001,9713876,Anual,NTE INEN_1108,Color real,17/09/2019 11:19,2,
Sopladora,Agua potable,Planta de agua potable_casa de máquinas,781001,9713876,Anual,NTE INEN_1108,DBO5,17/09/2019 11:19,2,
Sopladora,Agua potable,Planta de agua potable_casa de máquinas,781001,9713876,Anual,NTE INEN_1108,DQO,17/09/2019 11:19,4,
Sopladora,Agua potable,Planta de agua potable_casa de máquinas,781001,9713876,Anual,NTE INEN_1108,Hierro,17/09/2019 11:19,0.38,
Sopladora,Agua potable,Planta de agua potable_casa de máquinas,781001,9713876,Anual,NTE INEN_1108,Turbiedad,17/09/2019 11:19,0.85,
Sopladora,Agua potable,Edificio_de_control,781715,9713383,Anual,NTE INEN_1108,Coliformes fecales,17/09/2019 11:19,1,
Sopladora,Agua potable,Edificio_de_control,781715,9713383,Anual,NTE INEN_1108,Color real,17/09/2019 11:19,6,
Sopladora,Agua potable,Edificio_de_control,781715,9713383,Anual,NTE INEN_1108,DBO5,17/09/2019 11:19,2,
Sopladora,Agua potable,Edificio_de_control,781715,9713383,Anual,NTE INEN_1108,DQO,17/09/2019 11:19,4,
Sopladora,Agua potable,Edificio_de_control,781715,9713383,Anual,NTE INEN_1108,Hierro,17/09/2019 11:19,1.26,
Sopladora,Agua potable,Edificio_de_control,781715,9713383,Anual,NTE INEN_1108,Turbiedad,17/09/2019 11:19,0.63,
Sopladora,Agua potable,Casa_de_máquinas_planta de tratamiento,781001,9713876,Semestral,NTE INEN_1108,Coliformes fecales,01/09/2020 11:25,1.1,
Sopladora,Agua potable,Casa_de_máquinas_planta de tratamiento,781001,9713876,Semestral,NTE INEN_1108,Color real,01/09/2020 11:25,14,
Sopladora,Agua potable,Casa_de_máquinas_planta de tratamiento,781001,9713876,Semestral,NTE INEN_1108,DBO5,01/09/2020 11:25,0.63,
Sopladora,Agua potable,Casa_de_máquinas_planta de tratamiento,781001,9713876,Semestral,NTE INEN_1108,DQO,01/09/2020 11:25,4,
Sopladora,Agua potable,Casa_de_máquinas_planta de tratamiento,781001,9713876,Semestral,NTE INEN_1108,Turbiedad,01/09/2020 11:25,1.5,
Sopladora,Agua potable,Casa_de_máquinas_cafetería,781001,9713876,Semestral,NTE INEN_1108,Coliformes fecales,01/09/2020 14:35,1.1,
Sopladora,Agua potable,Casa_de_máquinas_cafetería,781001,9713876,Semestral,NTE INEN_1108,Color real,01/09/2020 14:35,13,
Sopladora,Agua potable,Casa_de_máquinas_cafetería,781001,9713876,Semestral,NTE INEN_1108,DBO5,01/09/2020 14:35,6,
Sopladora,Agua potable,Casa_de_máquinas_cafetería,781001,9713876,Semestral,NTE INEN_1108,DQO,01/09/2020 14:35,16,
Sopladora,Agua potable,Casa_de_máquinas_cafetería,781001,9713876,Semestral,NTE INEN_1108,Turbiedad,01/09/2020 14:35,0.86,
Sopladora,Agua potable,Patio_de_maniobras,781001,9713876,Semestral,NTE INEN_1108,Coliformes fecales,02/09/2020 12:30,1.1,
Sopladora,Agua potable,Patio_de_maniobras,781001,9713876,Semestral,NTE INEN_1108,Color real,02/09/2020 12:30,36,
Sopladora,Agua potable,Patio_de_maniobras,781001,9713876,Semestral,NTE INEN_1108,DBO5,02/09/2020 12:30,0.9,
Sopladora,Agua potable,Patio_de_maniobras,781001,9713876,Semestral,NTE INEN_1108,DQO,02/09/2020 12:30,4,
Sopladora,Agua potable,Patio_de_maniobras,781001,9713876,Semestral,NTE INEN_1108,Turbiedad,02/09/2020 12:30,3.94,
Sopladora,Agua potable,Planta de agua potable_casa de máquinas,781001,9713876,Anual,NTE INEN_1108,Coliformes fecales,22/11/2020 11:30,1.1,
Sopladora,Agua potable,Planta de agua potable_casa de máquinas,781001,9713876,Anual,NTE INEN_1108,DBO5,22/11/2020 11:30,0,
Sopladora,Agua potable,Planta de agua potable_casa de máquinas,781001,9713876,Anual,NTE INEN_1108,DQO,22/11/2020 11:30,0,
Sopladora,Agua potable,Planta de agua potable_casa de máquinas,781001,9713876,Anual,NTE INEN_1108,Color real,22/11/2020 11:30,10,
Sopladora,Agua potable,Planta de agua potable_casa de máquinas,781001,9713876,Anual,NTE INEN_1108,Turbiedad,22/11/2020 11:30,0.7,
Sopladora,Agua potable,Cafetería,777186,9714900,Anual,NTE INEN_1108,Coliformes fecales,22/11/2020 18:35,1.1,
Sopladora,Agua potable,Cafetería,777186,9714900,Anual,NTE INEN_1108,DBO5,22/11/2020 18:35,0,
Sopladora,Agua potable,Cafetería,777186,9714900,Anual,NTE INEN_1108,DQO,22/11/2020 18:35,0,
Sopladora,Agua potable,Cafetería,777186,9714900,Anual,NTE INEN_1108,Color real,22/11/2020 18:35,16,
Sopladora,Agua potable,Cafetería,777186,9714900,Anual,NTE INEN_1108,Turbiedad,22/11/2020 18:35,0.7,
Sopladora,Agua potable,Patio_de_maniobras,781001,9713876,Anual,NTE INEN_1108,Coliformes fecales,23/11/2020 12:30,1.1,
Sopladora,Agua potable,Patio_de_maniobras,781001,9713876,Anual,NTE INEN_1108,Color real,23/11/2020 12:30,24,
Sopladora,Agua potable,Patio_de_maniobras,781001,9713876,Anual,NTE INEN_1108,DBO5,23/11/2020 12:30,46.5,
Sopladora,Agua potable,Patio_de_maniobras,781001,9713876,Anual,NTE INEN_1108,DQO,23/11/2020 12:30,196,
Sopladora,Agua potable,Patio_de_maniobras,781001,9713876,Anual,NTE INEN_1108,Turbiedad,23/11/2020 12:30,1.04,
Sopladora,Agua potable,Planta de agua potable_casa de máquinas,781001,9713876,Anual,NTE INEN_1108,Coliformes fecales,14/05/2021 9:45,1.1,
Sopladora,Agua potable,Planta de agua potable_casa de máquinas,781001,9713876,Anual,NTE INEN_1108,Color real,14/05/2021 9:45,14,
Sopladora,Agua potable,Planta de agua potable_casa de máquinas,781001,9713876,Anual,NTE INEN_1108,Hierro,14/05/2021 9:45,1.7,
Sopladora,Agua potable,Planta de agua potable_casa de máquinas,781001,9713876,Anual,NTE INEN_1108,Turbiedad,14/05/2021 9:45,1.85,
Sopladora,Agua potable,Cafetería,777186,9714900,Anual,NTE INEN_1108,Coliformes fecales,14/05/2021 10:35,1.1,
Sopladora,Agua potable,Cafetería,777186,9714900,Anual,NTE INEN_1108,Color real,14/05/2021 10:35,12,
Sopladora,Agua potable,Cafetería,777186,9714900,Anual,NTE INEN_1108,Hierro,14/05/2021 10:35,1.7,
Sopladora,Agua potable,Cafetería,777186,9714900,Anual,NTE INEN_1108,Turbiedad,14/05/2021 10:35,0.95,
Sopladora,Agua potable,Baño_sala_de_reporte,781001,9713876,Anual,NTE INEN_1108,Coliformes fecales,14/05/2021 19:00,1.1,
Sopladora,Agua potable,Baño_sala_de_reporte,781001,9713876,Anual,NTE INEN_1108,Color real,14/05/2021 19:00,18,
Sopladora,Agua potable,Baño_sala_de_reporte,781001,9713876,Anual,NTE INEN_1108,Hierro,14/05/2021 19:00,1.7,
Sopladora,Agua potable,Baño_sala_de_reporte,781001,9713876,Anual,NTE INEN_1108,Turbiedad,14/05/2021 19:00,3.95,
